{"timestamps": [1503880926.9409459, 1503880926.9681926, 1503880927.0499542, 1503880927.2202458, 1503880927.24874, 1503880927.5435326, 1503880927.5834582, 1503880927.6405604, 1503880927.6686275, 1503880927.7202256, 1503880928.0154536, 1503880928.3382404, 1503880928.9276822, 1503880929.2557807, 1503880929.3950043, 1503880929.7299366, 1503880930.3201172, 1503880930.8047688, 1503880931.9356258, 1503880933.0311556, 1503880933.736904, 1503880934.526018, 1503880934.9498193, 1503880935.8714569, 1503880936.8141875, 1503880937.576218, 1503880938.581171, 1503880939.3494265, 1503880940.3672974, 1503880941.3525004, 1503880942.1090238, 1503880943.0949106, 1503880943.739019, 1503880944.710119, 1503880945.730849, 1503880946.4851801, 1503880947.4328313, 1503880947.8870003, 1503880948.511071, 1503880949.0906417, 1503880949.5415034, 1503880950.1514847, 1503880950.6009398, 1503880951.188967, 1503880951.98887, 1503880952.4500778, 1503880953.041227, 1503880953.485629, 1503880954.7649078, 1503880955.2094197, 1503880955.7991312, 1503880956.405995, 1503880956.8329418, 1503880957.4198105, 1503880957.8636045, 1503880958.481141, 1503880959.0649505, 1503880959.5150695, 1503880960.0877826, 1503880960.5429623, 1503880961.337248, 1503880962.4923344, 1503880963.0786998, 1503880963.6807601, 1503880964.125938, 1503880964.7294657, 1503880965.3385584, 1503880965.7910843, 1503880966.396439, 1503880966.856781, 1503880967.470207, 1503880968.1080058, 1503880968.5626724, 1503880969.1709194], "episode_rewards": [24.0, 14.0, 37.0, 22.0, 18.0, 17.0, 27.0, 38.0, 18.0, 32.0, 84.0, 117.0, 200.0, 130.0, 96.0, 107.0, 200.0, 163.0, 125.0, 181.0, 200.0, 200.0, 200.0, 200.0, 200.0, 200.0, 200.0, 200.0, 200.0, 200.0, 200.0, 200.0, 200.0, 200.0, 200.0, 200.0, 200.0, 200.0, 200.0, 200.0, 200.0, 200.0, 200.0, 200.0, 200.0, 200.0, 200.0, 200.0, 200.0, 174.0, 200.0, 200.0, 200.0, 200.0, 200.0, 200.0, 200.0, 200.0, 200.0, 200.0, 200.0, 200.0, 200.0, 200.0, 200.0, 200.0, 200.0, 200.0, 200.0, 200.0, 200.0, 200.0, 200.0, 200.0], "initial_reset_timestamp": 1503880926.795392, "episode_types": ["t", "t", "t", "t", "t", "t", "t", "t", "t", "t", "t", "t", "t", "t", "t", "t", "t", "t", "t", "t", "t", "t", "t", "t", "t", "t", "t", "t", "t", "t", "t", "t", "t", "t", "t", "t", "t", "t", "t", "t", "t", "t", "t", "t", "t", "t", "t", "t", "t", "t", "t", "t", "t", "t", "t", "t", "t", "t", "t", "t", "t", "t", "t", "t", "t", "t", "t", "t", "t", "t", "t", "t", "t", "t", "t"], "episode_lengths": [24, 14, 37, 22, 18, 17, 27, 38, 18, 32, 84, 117, 200, 130, 96, 107, 200, 163, 125, 181, 200, 200, 200, 200, 200, 200, 200, 200, 200, 200, 200, 200, 200, 200, 200, 200, 200, 200, 200, 200, 200, 200, 200, 200, 200, 200, 200, 200, 200, 174, 200, 200, 200, 200, 200, 200, 200, 200, 200, 200, 200, 200, 200, 200, 200, 200, 200, 200, 200, 200, 200, 200, 200, 200]}