{"timestamps": [1503880926.9484553, 1503880926.9849017, 1503880927.2083027, 1503880927.532017, 1503880927.627929, 1503880928.2524831, 1503880928.683675, 1503880929.2247922, 1503880929.6937504, 1503880930.2842848, 1503880930.7791345, 1503880932.0157316, 1503880933.1043668, 1503880934.0884266, 1503880934.569082, 1503880935.2052817, 1503880935.9452167, 1503880936.88812, 1503880937.9203646, 1503880938.6593935, 1503880939.703803, 1503880940.4408593, 1503880941.4283311, 1503880942.434097, 1503880943.158637, 1503880944.0815048, 1503880944.7795124, 1503880945.8124084, 1503880946.79141, 1503880947.48389, 1503880948.11198, 1503880948.5555232, 1503880949.1378422, 1503880949.732949, 1503880950.1970017, 1503880950.7976055, 1503880951.237455, 1503880952.0325406, 1503880952.6329525, 1503880953.0865026, 1503880953.6916616, 1503880954.8128283, 1503880955.1225672, 1503880955.7191458, 1503880956.1715043, 1503880956.4500396, 1503880957.03289, 1503880957.4646826, 1503880958.0730314, 1503880958.5278728, 1503880959.1095848, 1503880959.7090883, 1503880960.1347044, 1503880960.7303658, 1503880961.430363, 1503880962.657805, 1503880963.2825887, 1503880963.7255836, 1503880964.3287137, 1503880964.7807648, 1503880965.384478, 1503880966.002385, 1503880966.443558, 1503880967.077641, 1503880967.5181334, 1503880968.1548233, 1503880968.7679095, 1503880969.2169418], "episode_rewards": [27.0, 21.0, 42.0, 36.0, 63.0, 200.0, 200.0, 167.0, 200.0, 200.0, 170.0, 155.0, 200.0, 200.0, 200.0, 200.0, 200.0, 200.0, 200.0, 200.0, 200.0, 200.0, 200.0, 200.0, 200.0, 200.0, 200.0, 200.0, 200.0, 200.0, 200.0, 200.0, 200.0, 200.0, 200.0, 200.0, 200.0, 200.0, 200.0, 200.0, 200.0, 200.0, 88.0, 200.0, 200.0, 86.0, 200.0, 200.0, 200.0, 200.0, 200.0, 200.0, 200.0, 200.0, 200.0, 200.0, 200.0, 200.0, 200.0, 200.0, 200.0, 200.0, 200.0, 200.0, 200.0, 200.0, 200.0, 200.0], "initial_reset_timestamp": 1503880926.7963097, "episode_types": ["t", "t", "t", "t", "t", "t", "t", "t", "t", "t", "t", "t", "t", "t", "t", "t", "t", "t", "t", "t", "t", "t", "t", "t", "t", "t", "t", "t", "t", "t", "t", "t", "t", "t", "t", "t", "t", "t", "t", "t", "t", "t", "t", "t", "t", "t", "t", "t", "t", "t", "t", "t", "t", "t", "t", "t", "t", "t", "t", "t", "t", "t", "t", "t", "t", "t", "t", "t", "t"], "episode_lengths": [27, 21, 42, 36, 63, 200, 200, 167, 200, 200, 170, 155, 200, 200, 200, 200, 200, 200, 200, 200, 200, 200, 200, 200, 200, 200, 200, 200, 200, 200, 200, 200, 200, 200, 200, 200, 200, 200, 200, 200, 200, 200, 88, 200, 200, 86, 200, 200, 200, 200, 200, 200, 200, 200, 200, 200, 200, 200, 200, 200, 200, 200, 200, 200, 200, 200, 200, 200]}