{"timestamps": [1503880926.9450207, 1503880927.0467145, 1503880927.211581, 1503880927.2486458, 1503880927.5510366, 1503880927.6381776, 1503880927.7233202, 1503880928.0206437, 1503880928.60622, 1503880929.043653, 1503880929.3012254, 1503880929.935646, 1503880930.3713613, 1503880931.3746164, 1503880932.6949701, 1503880933.6516573, 1503880934.4720793, 1503880934.8948162, 1503880935.7691538, 1503880936.5064554, 1503880937.4961169, 1503880938.491918, 1503880939.2606878, 1503880940.2824893, 1503880941.0299854, 1503880942.0229366, 1503880943.0207965, 1503880943.6598487, 1503880944.6243782, 1503880945.3652117, 1503880946.3983555, 1503880947.3657508, 1503880947.835234, 1503880948.4581554, 1503880948.900316, 1503880949.4874418, 1503880950.0937276, 1503880950.5453951, 1503880951.13309, 1503880951.7777073, 1503880952.3971686, 1503880952.986394, 1503880953.42606, 1503880954.0147994, 1503880955.0469036, 1503880955.4425178, 1503880956.0404496, 1503880956.4794855, 1503880957.061823, 1503880957.4972181, 1503880958.1023855, 1503880958.7015998, 1503880959.1467454, 1503880959.7391691, 1503880960.167474, 1503880960.758561, 1503880961.7570057, 1503880962.715177, 1503880963.3123717, 1503880963.7547529, 1503880964.358801, 1503880964.9757879, 1503880965.4135246, 1503880966.0324214, 1503880966.474414, 1503880967.1072712, 1503880967.7061505, 1503880968.1843076, 1503880968.7986534, 1503880969.2467062], "episode_rewards": [26.0, 47.0, 19.0, 23.0, 22.0, 59.0, 53.0, 85.0, 200.0, 194.0, 84.0, 200.0, 200.0, 200.0, 200.0, 200.0, 200.0, 200.0, 200.0, 200.0, 200.0, 200.0, 200.0, 200.0, 200.0, 200.0, 200.0, 200.0, 200.0, 200.0, 200.0, 200.0, 200.0, 200.0, 200.0, 200.0, 200.0, 200.0, 200.0, 200.0, 200.0, 200.0, 200.0, 200.0, 106.0, 158.0, 200.0, 200.0, 200.0, 200.0, 200.0, 200.0, 200.0, 200.0, 200.0, 200.0, 200.0, 200.0, 200.0, 200.0, 200.0, 200.0, 200.0, 200.0, 200.0, 200.0, 200.0, 200.0, 200.0, 200.0], "initial_reset_timestamp": 1503880926.805423, "episode_types": ["t", "t", "t", "t", "t", "t", "t", "t", "t", "t", "t", "t", "t", "t", "t", "t", "t", "t", "t", "t", "t", "t", "t", "t", "t", "t", "t", "t", "t", "t", "t", "t", "t", "t", "t", "t", "t", "t", "t", "t", "t", "t", "t", "t", "t", "t", "t", "t", "t", "t", "t", "t", "t", "t", "t", "t", "t", "t", "t", "t", "t", "t", "t", "t", "t", "t", "t", "t", "t", "t", "t"], "episode_lengths": [26, 47, 19, 23, 22, 59, 53, 85, 200, 194, 84, 200, 200, 200, 200, 200, 200, 200, 200, 200, 200, 200, 200, 200, 200, 200, 200, 200, 200, 200, 200, 200, 200, 200, 200, 200, 200, 200, 200, 200, 200, 200, 200, 200, 106, 158, 200, 200, 200, 200, 200, 200, 200, 200, 200, 200, 200, 200, 200, 200, 200, 200, 200, 200, 200, 200, 200, 200, 200, 200]}