{"timestamps": [1503880926.9519444, 1503880926.9815052, 1503880927.2119644, 1503880927.2339802, 1503880927.2837582, 1503880927.5416844, 1503880927.5887876, 1503880927.6299775, 1503880927.7104146, 1503880927.9410334, 1503880928.2745416, 1503880928.6359437, 1503880929.2231662, 1503880929.631929, 1503880929.9983077, 1503880930.6238782, 1503880931.2116318, 1503880932.4455714, 1503880933.1568763, 1503880934.1284976, 1503880934.5996325, 1503880935.2517672, 1503880936.2298052, 1503880936.9389083, 1503880937.980979, 1503880938.709109, 1503880939.7566204, 1503880940.7593007, 1503880941.4769344, 1503880942.4772944, 1503880943.2016358, 1503880944.1266448, 1503880945.1059065, 1503880945.870661, 1503880946.8442783, 1503880947.5270197, 1503880948.1407835, 1503880948.7388825, 1503880949.1692598, 1503880949.7649353, 1503880950.2291636, 1503880950.8279467, 1503880951.6134708, 1503880952.0622158, 1503880952.6641903, 1503880953.1161506, 1503880953.7221713, 1503880955.021346, 1503880955.479625, 1503880956.078762, 1503880956.5167367, 1503880957.0975497, 1503880957.6853135, 1503880958.1395693, 1503880958.7400007, 1503880959.185349, 1503880959.7760699, 1503880960.3717618, 1503880960.83821, 1503880961.9175522, 1503880962.7543907, 1503880963.3514771, 1503880963.9497483, 1503880964.3972814, 1503880965.015602, 1503880965.4515321, 1503880966.0700881, 1503880966.6721861, 1503880967.1446297, 1503880967.7456, 1503880968.2231197, 1503880968.8360856], "episode_rewards": [29.0, 17.0, 46.0, 13.0, 16.0, 10.0, 31.0, 28.0, 52.0, 42.0, 121.0, 150.0, 200.0, 160.0, 141.0, 200.0, 134.0, 126.0, 186.0, 200.0, 200.0, 200.0, 200.0, 200.0, 200.0, 200.0, 200.0, 200.0, 200.0, 200.0, 200.0, 200.0, 200.0, 200.0, 200.0, 200.0, 200.0, 200.0, 200.0, 200.0, 200.0, 200.0, 200.0, 200.0, 200.0, 200.0, 200.0, 200.0, 200.0, 200.0, 200.0, 200.0, 200.0, 200.0, 200.0, 200.0, 200.0, 200.0, 200.0, 200.0, 200.0, 200.0, 200.0, 200.0, 200.0, 200.0, 200.0, 200.0, 200.0, 200.0, 200.0, 200.0], "initial_reset_timestamp": 1503880926.795463, "episode_types": ["t", "t", "t", "t", "t", "t", "t", "t", "t", "t", "t", "t", "t", "t", "t", "t", "t", "t", "t", "t", "t", "t", "t", "t", "t", "t", "t", "t", "t", "t", "t", "t", "t", "t", "t", "t", "t", "t", "t", "t", "t", "t", "t", "t", "t", "t", "t", "t", "t", "t", "t", "t", "t", "t", "t", "t", "t", "t", "t", "t", "t", "t", "t", "t", "t", "t", "t", "t", "t", "t", "t", "t", "t"], "episode_lengths": [29, 17, 46, 13, 16, 10, 31, 28, 52, 42, 121, 150, 200, 160, 141, 200, 134, 126, 186, 200, 200, 200, 200, 200, 200, 200, 200, 200, 200, 200, 200, 200, 200, 200, 200, 200, 200, 200, 200, 200, 200, 200, 200, 200, 200, 200, 200, 200, 200, 200, 200, 200, 200, 200, 200, 200, 200, 200, 200, 200, 200, 200, 200, 200, 200, 200, 200, 200, 200, 200, 200, 200]}