{"timestamps": [1503880926.9278007, 1503880926.9584146, 1503880926.9776006, 1503880927.0251846, 1503880927.2259011, 1503880927.2636788, 1503880927.690046, 1503880927.9595675, 1503880928.0523622, 1503880928.3251016, 1503880928.56228, 1503880928.706342, 1503880929.059404, 1503880929.5792677, 1503880929.9471388, 1503880930.3817484, 1503880931.3862693, 1503880932.604919, 1503880933.5206137, 1503880934.2259266, 1503880934.8109696, 1503880935.3706417, 1503880936.3755226, 1503880937.352031, 1503880938.1089876, 1503880939.1143649, 1503880939.8819919, 1503880940.8907576, 1503880941.8670628, 1503880942.6271722, 1503880943.5378952, 1503880944.2574093, 1503880945.223619, 1503880946.2609947, 1503880947.0934026, 1503880947.7533875, 1503880948.2147162, 1503880948.817242, 1503880949.405473, 1503880949.840653, 1503880950.465191, 1503880950.9036298, 1503880951.6943321, 1503880952.3118377, 1503880952.7432904, 1503880953.3446124, 1503880953.7980099, 1503880954.785715, 1503880955.11873, 1503880955.13722, 1503880955.1560144, 1503880955.1722283, 1503880955.763832, 1503880956.215422, 1503880956.7975867, 1503880957.3849046, 1503880957.8278852, 1503880958.4459012, 1503880958.8793104, 1503880959.4794345, 1503880960.0525172, 1503880960.5084336, 1503880961.2992723, 1503880962.1314535, 1503880963.041979, 1503880963.6454768, 1503880964.0897067, 1503880964.6937656, 1503880965.1590428, 1503880965.75479, 1503880966.3594751, 1503880966.8203323, 1503880967.4345837, 1503880967.9104946, 1503880968.524675, 1503880969.1350389], "episode_rewards": [19.0, 14.0, 11.0, 18.0, 38.0, 19.0, 109.0, 67.0, 57.0, 87.0, 64.0, 99.0, 137.0, 158.0, 122.0, 200.0, 194.0, 162.0, 179.0, 200.0, 200.0, 200.0, 200.0, 200.0, 200.0, 200.0, 200.0, 200.0, 200.0, 200.0, 200.0, 200.0, 200.0, 200.0, 200.0, 200.0, 200.0, 200.0, 200.0, 200.0, 200.0, 200.0, 200.0, 200.0, 200.0, 200.0, 200.0, 108.0, 105.0, 12.0, 11.0, 10.0, 200.0, 200.0, 200.0, 200.0, 200.0, 200.0, 200.0, 200.0, 200.0, 200.0, 200.0, 200.0, 200.0, 200.0, 200.0, 200.0, 200.0, 200.0, 200.0, 200.0, 200.0, 200.0, 200.0, 200.0], "initial_reset_timestamp": 1503880926.7954247, "episode_types": ["t", "t", "t", "t", "t", "t", "t", "t", "t", "t", "t", "t", "t", "t", "t", "t", "t", "t", "t", "t", "t", "t", "t", "t", "t", "t", "t", "t", "t", "t", "t", "t", "t", "t", "t", "t", "t", "t", "t", "t", "t", "t", "t", "t", "t", "t", "t", "t", "t", "t", "t", "t", "t", "t", "t", "t", "t", "t", "t", "t", "t", "t", "t", "t", "t", "t", "t", "t", "t", "t", "t", "t", "t", "t", "t", "t", "t"], "episode_lengths": [19, 14, 11, 18, 38, 19, 109, 67, 57, 87, 64, 99, 137, 158, 122, 200, 194, 162, 179, 200, 200, 200, 200, 200, 200, 200, 200, 200, 200, 200, 200, 200, 200, 200, 200, 200, 200, 200, 200, 200, 200, 200, 200, 200, 200, 200, 200, 108, 105, 12, 11, 10, 200, 200, 200, 200, 200, 200, 200, 200, 200, 200, 200, 200, 200, 200, 200, 200, 200, 200, 200, 200, 200, 200, 200, 200]}