{"timestamps": [1503880926.9754333, 1503880927.0158074, 1503880927.043503, 1503880927.1922138, 1503880927.2082982, 1503880927.2337286, 1503880927.2808022, 1503880927.6189141, 1503880927.6765823, 1503880927.9145207, 1503880927.974628, 1503880928.044459, 1503880928.3871083, 1503880928.897392, 1503880929.324201, 1503880929.9587934, 1503880930.3933225, 1503880931.2874777, 1503880932.619975, 1503880933.5831766, 1503880934.2728286, 1503880934.851831, 1503880935.6871586, 1503880936.4367085, 1503880937.4222586, 1503880938.170628, 1503880939.1850412, 1503880940.2118134, 1503880940.9545524, 1503880941.9566803, 1503880942.6968822, 1503880943.595831, 1503880944.5495842, 1503880945.2924871, 1503880946.327097, 1503880947.1317117, 1503880947.7928557, 1503880948.412605, 1503880948.8561118, 1503880949.444018, 1503880949.8796012, 1503880950.5025816, 1503880951.084701, 1503880951.7333004, 1503880952.3545344, 1503880952.7827606, 1503880953.38386, 1503880953.9699535, 1503880955.1406553, 1503880955.160773, 1503880955.7534988, 1503880956.2051768, 1503880956.7866082, 1503880957.3735933, 1503880957.817269, 1503880958.4355395, 1503880958.8686147, 1503880959.4685953, 1503880960.0418808, 1503880960.4979687, 1503880961.2845078, 1503880962.1159635, 1503880963.0306873, 1503880963.6338696, 1503880964.0792778, 1503880964.6833708, 1503880965.1478918, 1503880965.7441607, 1503880966.3476977, 1503880966.8094246, 1503880967.424149, 1503880967.8997824, 1503880968.5117986, 1503880969.1245153], "episode_rewards": [43.0, 16.0, 12.0, 9.0, 10.0, 15.0, 15.0, 63.0, 35.0, 47.0, 40.0, 42.0, 133.0, 147.0, 200.0, 200.0, 200.0, 173.0, 181.0, 200.0, 200.0, 200.0, 200.0, 200.0, 200.0, 200.0, 200.0, 200.0, 200.0, 200.0, 200.0, 200.0, 200.0, 200.0, 200.0, 200.0, 200.0, 200.0, 200.0, 200.0, 200.0, 200.0, 200.0, 200.0, 200.0, 200.0, 200.0, 200.0, 200.0, 12.0, 200.0, 200.0, 200.0, 200.0, 200.0, 200.0, 200.0, 200.0, 200.0, 200.0, 200.0, 200.0, 200.0, 200.0, 200.0, 200.0, 200.0, 200.0, 200.0, 200.0, 200.0, 200.0, 200.0, 200.0], "initial_reset_timestamp": 1503880926.7961934, "episode_types": ["t", "t", "t", "t", "t", "t", "t", "t", "t", "t", "t", "t", "t", "t", "t", "t", "t", "t", "t", "t", "t", "t", "t", "t", "t", "t", "t", "t", "t", "t", "t", "t", "t", "t", "t", "t", "t", "t", "t", "t", "t", "t", "t", "t", "t", "t", "t", "t", "t", "t", "t", "t", "t", "t", "t", "t", "t", "t", "t", "t", "t", "t", "t", "t", "t", "t", "t", "t", "t", "t", "t", "t", "t", "t", "t"], "episode_lengths": [43, 16, 12, 9, 10, 15, 15, 63, 35, 47, 40, 42, 133, 147, 200, 200, 200, 173, 181, 200, 200, 200, 200, 200, 200, 200, 200, 200, 200, 200, 200, 200, 200, 200, 200, 200, 200, 200, 200, 200, 200, 200, 200, 200, 200, 200, 200, 200, 200, 12, 200, 200, 200, 200, 200, 200, 200, 200, 200, 200, 200, 200, 200, 200, 200, 200, 200, 200, 200, 200, 200, 200, 200, 200]}