{"timestamps": [1503880926.9192848, 1503880926.9756136, 1503880927.005686, 1503880927.0542264, 1503880927.2210546, 1503880927.2443368, 1503880927.5742295, 1503880927.7103446, 1503880927.9517686, 1503880928.0129786, 1503880928.2353609, 1503880928.667149, 1503880929.2539623, 1503880929.7239938, 1503880930.3142955, 1503880931.109875, 1503880932.4266894, 1503880933.0962374, 1503880934.0793264, 1503880934.5644424, 1503880935.1982396, 1503880935.9375126, 1503880936.8796396, 1503880937.9129653, 1503880938.6522558, 1503880939.69333, 1503880940.4318836, 1503880941.420088, 1503880942.4272857, 1503880943.1518795, 1503880944.0741744, 1503880944.7725725, 1503880945.8045995, 1503880946.78469, 1503880947.4758608, 1503880948.1072664, 1503880948.5502071, 1503880949.1330628, 1503880949.7282903, 1503880950.1922426, 1503880950.7593713, 1503880951.1952896, 1503880951.995816, 1503880952.4566548, 1503880953.0492618, 1503880953.649752, 1503880954.7716966, 1503880955.4120665, 1503880955.8434043, 1503880956.448261, 1503880957.0310862, 1503880957.4624848, 1503880958.0709243, 1503880958.5254354, 1503880959.1072733, 1503880959.707023, 1503880960.1322598, 1503880960.7281597, 1503880961.4273999, 1503880962.654232, 1503880963.280323, 1503880963.723444, 1503880964.3268855, 1503880964.7782187, 1503880965.3824673, 1503880966.0000472, 1503880966.4410038, 1503880967.0750027, 1503880967.5155697, 1503880968.1524193, 1503880968.7654788, 1503880969.2144318], "episode_rewards": [18.0, 25.0, 13.0, 21.0, 20.0, 15.0, 41.0, 89.0, 48.0, 40.0, 47.0, 200.0, 200.0, 200.0, 200.0, 200.0, 136.0, 165.0, 200.0, 200.0, 200.0, 200.0, 200.0, 200.0, 200.0, 200.0, 200.0, 200.0, 200.0, 200.0, 200.0, 200.0, 200.0, 200.0, 200.0, 200.0, 200.0, 200.0, 200.0, 200.0, 176.0, 200.0, 200.0, 200.0, 200.0, 200.0, 200.0, 200.0, 200.0, 200.0, 200.0, 200.0, 200.0, 200.0, 200.0, 200.0, 200.0, 200.0, 200.0, 200.0, 200.0, 200.0, 200.0, 200.0, 200.0, 200.0, 200.0, 200.0, 200.0, 200.0, 200.0, 200.0], "initial_reset_timestamp": 1503880926.7966049, "episode_types": ["t", "t", "t", "t", "t", "t", "t", "t", "t", "t", "t", "t", "t", "t", "t", "t", "t", "t", "t", "t", "t", "t", "t", "t", "t", "t", "t", "t", "t", "t", "t", "t", "t", "t", "t", "t", "t", "t", "t", "t", "t", "t", "t", "t", "t", "t", "t", "t", "t", "t", "t", "t", "t", "t", "t", "t", "t", "t", "t", "t", "t", "t", "t", "t", "t", "t", "t", "t", "t", "t", "t", "t", "t"], "episode_lengths": [18, 25, 13, 21, 20, 15, 41, 89, 48, 40, 47, 200, 200, 200, 200, 200, 136, 165, 200, 200, 200, 200, 200, 200, 200, 200, 200, 200, 200, 200, 200, 200, 200, 200, 200, 200, 200, 200, 200, 200, 176, 200, 200, 200, 200, 200, 200, 200, 200, 200, 200, 200, 200, 200, 200, 200, 200, 200, 200, 200, 200, 200, 200, 200, 200, 200, 200, 200, 200, 200, 200, 200]}