{"timestamps": [1503880926.9286819, 1503880927.0330207, 1503880927.192471, 1503880927.2119386, 1503880927.2443237, 1503880927.5853214, 1503880927.6637833, 1503880927.8999765, 1503880928.3176184, 1503880928.5968316, 1503880929.0112343, 1503880929.5600352, 1503880930.039974, 1503880930.4202535, 1503880931.168774, 1503880932.5291452, 1503880933.2611752, 1503880934.2098331, 1503880934.7970586, 1503880935.3490617, 1503880936.3532293, 1503880937.0482533, 1503880938.086969, 1503880939.0901182, 1503880939.8576303, 1503880940.869656, 1503880941.5833871, 1503880942.605712, 1503880943.519641, 1503880944.2330108, 1503880945.203755, 1503880945.973749, 1503880947.0605538, 1503880947.7396326, 1503880948.2022588, 1503880948.804153, 1503880949.2341776, 1503880949.8276112, 1503880950.4524546, 1503880950.8909645, 1503880951.6803591, 1503880952.1244023, 1503880952.72773, 1503880953.3286347, 1503880953.7852688, 1503880955.0499125, 1503880955.2019298, 1503880955.4853387, 1503880955.737629, 1503880956.189763, 1503880956.7713623, 1503880957.3582923, 1503880957.801171, 1503880958.4197364, 1503880958.85309, 1503880959.4529638, 1503880960.0256028, 1503880960.4823353, 1503880961.2596295, 1503880962.0963192, 1503880963.0148075, 1503880963.6185026, 1503880964.0629482, 1503880964.66804, 1503880965.1314065, 1503880965.7286177, 1503880966.3314435, 1503880966.7928934, 1503880967.4080262, 1503880967.8836625, 1503880968.4954903, 1503880969.1081738], "episode_rewards": [19.0, 46.0, 15.0, 12.0, 20.0, 48.0, 52.0, 44.0, 178.0, 94.0, 180.0, 175.0, 200.0, 164.0, 138.0, 160.0, 200.0, 200.0, 200.0, 200.0, 200.0, 200.0, 200.0, 200.0, 200.0, 200.0, 200.0, 200.0, 200.0, 200.0, 200.0, 200.0, 200.0, 200.0, 200.0, 200.0, 200.0, 200.0, 200.0, 200.0, 200.0, 200.0, 200.0, 200.0, 200.0, 174.0, 101.0, 85.0, 77.0, 200.0, 200.0, 200.0, 200.0, 200.0, 200.0, 200.0, 200.0, 200.0, 200.0, 200.0, 200.0, 200.0, 200.0, 200.0, 200.0, 200.0, 200.0, 200.0, 200.0, 200.0, 200.0, 200.0], "initial_reset_timestamp": 1503880926.7962503, "episode_types": ["t", "t", "t", "t", "t", "t", "t", "t", "t", "t", "t", "t", "t", "t", "t", "t", "t", "t", "t", "t", "t", "t", "t", "t", "t", "t", "t", "t", "t", "t", "t", "t", "t", "t", "t", "t", "t", "t", "t", "t", "t", "t", "t", "t", "t", "t", "t", "t", "t", "t", "t", "t", "t", "t", "t", "t", "t", "t", "t", "t", "t", "t", "t", "t", "t", "t", "t", "t", "t", "t", "t", "t", "t"], "episode_lengths": [19, 46, 15, 12, 20, 48, 52, 44, 178, 94, 180, 175, 200, 164, 138, 160, 200, 200, 200, 200, 200, 200, 200, 200, 200, 200, 200, 200, 200, 200, 200, 200, 200, 200, 200, 200, 200, 200, 200, 200, 200, 200, 200, 200, 200, 174, 101, 85, 77, 200, 200, 200, 200, 200, 200, 200, 200, 200, 200, 200, 200, 200, 200, 200, 200, 200, 200, 200, 200, 200, 200, 200]}