{"timestamps": [1503880926.9070857, 1503880926.9776118, 1503880927.0145354, 1503880927.1878219, 1503880927.214159, 1503880927.2493937, 1503880927.5560286, 1503880927.6432176, 1503880927.7102268, 1503880927.9479723, 1503880928.3990617, 1503880928.983574, 1503880929.249064, 1503880929.7040088, 1503880930.2943697, 1503880930.7892008, 1503880932.499609, 1503880933.230753, 1503880934.1876903, 1503880934.7803087, 1503880935.321078, 1503880936.3183618, 1503880937.0170863, 1503880938.0581753, 1503880939.063724, 1503880939.8291936, 1503880940.839072, 1503880941.5548723, 1503880942.5816522, 1503880943.4957163, 1503880944.2028625, 1503880945.1781077, 1503880945.9456882, 1503880947.012302, 1503880947.7225296, 1503880948.1851625, 1503880948.7870917, 1503880949.2157714, 1503880949.8103113, 1503880950.435468, 1503880950.8734272, 1503880951.6619813, 1503880952.1071799, 1503880952.7107625, 1503880953.3120737, 1503880953.7678695, 1503880955.0693011, 1503880955.5248134, 1503880955.7834926, 1503880956.3894477, 1503880956.817737, 1503880957.4046834, 1503880957.8474436, 1503880958.4655259, 1503880959.0478923, 1503880959.4986813, 1503880960.0723023, 1503880960.5278916, 1503880961.3217735, 1503880962.4517763, 1503880963.0627594, 1503880963.6651318, 1503880964.1100445, 1503880964.7135031, 1503880965.321702, 1503880965.7745237, 1503880966.3806603, 1503880966.8411388, 1503880967.4547508, 1503880968.08895, 1503880968.5464556, 1503880969.155206], "episode_rewards": [15.0, 29.0, 15.0, 19.0, 15.0, 22.0, 25.0, 58.0, 44.0, 46.0, 200.0, 200.0, 86.0, 189.0, 200.0, 170.0, 200.0, 200.0, 200.0, 200.0, 200.0, 200.0, 200.0, 200.0, 200.0, 200.0, 200.0, 200.0, 200.0, 200.0, 200.0, 200.0, 200.0, 200.0, 200.0, 200.0, 200.0, 200.0, 200.0, 200.0, 200.0, 200.0, 200.0, 200.0, 200.0, 200.0, 200.0, 200.0, 81.0, 200.0, 200.0, 200.0, 200.0, 200.0, 200.0, 200.0, 200.0, 200.0, 200.0, 200.0, 200.0, 200.0, 200.0, 200.0, 200.0, 200.0, 200.0, 200.0, 200.0, 200.0, 200.0, 200.0], "initial_reset_timestamp": 1503880926.796343, "episode_types": ["t", "t", "t", "t", "t", "t", "t", "t", "t", "t", "t", "t", "t", "t", "t", "t", "t", "t", "t", "t", "t", "t", "t", "t", "t", "t", "t", "t", "t", "t", "t", "t", "t", "t", "t", "t", "t", "t", "t", "t", "t", "t", "t", "t", "t", "t", "t", "t", "t", "t", "t", "t", "t", "t", "t", "t", "t", "t", "t", "t", "t", "t", "t", "t", "t", "t", "t", "t", "t", "t", "t", "t", "t"], "episode_lengths": [15, 29, 15, 19, 15, 22, 25, 58, 44, 46, 200, 200, 86, 189, 200, 170, 200, 200, 200, 200, 200, 200, 200, 200, 200, 200, 200, 200, 200, 200, 200, 200, 200, 200, 200, 200, 200, 200, 200, 200, 200, 200, 200, 200, 200, 200, 200, 200, 81, 200, 200, 200, 200, 200, 200, 200, 200, 200, 200, 200, 200, 200, 200, 200, 200, 200, 200, 200, 200, 200, 200, 200]}