{"timestamps": [1503880926.909477, 1503880926.9649813, 1503880927.0000482, 1503880927.1904795, 1503880927.2318966, 1503880927.2548058, 1503880927.5344067, 1503880927.5972495, 1503880927.6413836, 1503880927.9409668, 1503880927.9863865, 1503880928.3029618, 1503880928.6500459, 1503880929.217261, 1503880929.5578055, 1503880929.9649098, 1503880930.3279345, 1503880930.8771608, 1503880932.5650826, 1503880933.534483, 1503880934.2356412, 1503880934.819048, 1503880935.38578, 1503880936.3881826, 1503880937.365889, 1503880938.1206532, 1503880939.1283429, 1503880939.8948948, 1503880940.9035025, 1503880941.880227, 1503880942.6395242, 1503880943.5496218, 1503880944.2693872, 1503880945.2359478, 1503880946.275548, 1503880947.1012425, 1503880947.7613099, 1503880948.2242763, 1503880948.8251889, 1503880949.4131756, 1503880949.8485956, 1503880950.4727669, 1503880950.9111028, 1503880951.7022994, 1503880952.3197887, 1503880952.7521892, 1503880953.3523786, 1503880953.6601686, 1503880954.783425, 1503880955.0899942, 1503880955.2070925, 1503880955.7968016, 1503880956.4037635, 1503880956.8308032, 1503880957.4176855, 1503880957.8610787, 1503880958.478698, 1503880959.0625136, 1503880959.512406, 1503880960.0853646, 1503880960.540708, 1503880961.3347054, 1503880962.4800427, 1503880963.076108, 1503880963.6783035, 1503880964.123596, 1503880964.727014, 1503880965.3359172, 1503880965.7884326, 1503880966.3938887, 1503880966.8546546, 1503880967.4680316, 1503880968.1055305, 1503880968.56007, 1503880969.1683357], "episode_rewards": [15.0, 21.0, 18.0, 25.0, 25.0, 12.0, 11.0, 41.0, 29.0, 87.0, 29.0, 111.0, 141.0, 187.0, 130.0, 149.0, 152.0, 176.0, 200.0, 200.0, 200.0, 200.0, 200.0, 200.0, 200.0, 200.0, 200.0, 200.0, 200.0, 200.0, 200.0, 200.0, 200.0, 200.0, 200.0, 200.0, 200.0, 200.0, 200.0, 200.0, 200.0, 200.0, 200.0, 200.0, 200.0, 200.0, 200.0, 102.0, 200.0, 87.0, 75.0, 200.0, 200.0, 200.0, 200.0, 200.0, 200.0, 200.0, 200.0, 200.0, 200.0, 200.0, 200.0, 200.0, 200.0, 200.0, 200.0, 200.0, 200.0, 200.0, 200.0, 200.0, 200.0, 200.0, 200.0], "initial_reset_timestamp": 1503880926.7954357, "episode_types": ["t", "t", "t", "t", "t", "t", "t", "t", "t", "t", "t", "t", "t", "t", "t", "t", "t", "t", "t", "t", "t", "t", "t", "t", "t", "t", "t", "t", "t", "t", "t", "t", "t", "t", "t", "t", "t", "t", "t", "t", "t", "t", "t", "t", "t", "t", "t", "t", "t", "t", "t", "t", "t", "t", "t", "t", "t", "t", "t", "t", "t", "t", "t", "t", "t", "t", "t", "t", "t", "t", "t", "t", "t", "t", "t", "t"], "episode_lengths": [15, 21, 18, 25, 25, 12, 11, 41, 29, 87, 29, 111, 141, 187, 130, 149, 152, 176, 200, 200, 200, 200, 200, 200, 200, 200, 200, 200, 200, 200, 200, 200, 200, 200, 200, 200, 200, 200, 200, 200, 200, 200, 200, 200, 200, 200, 200, 102, 200, 87, 75, 200, 200, 200, 200, 200, 200, 200, 200, 200, 200, 200, 200, 200, 200, 200, 200, 200, 200, 200, 200, 200, 200, 200, 200]}