{"timestamps": [1503880926.9478536, 1503880926.979552, 1503880927.204618, 1503880927.5339396, 1503880927.5989637, 1503880927.697621, 1503880927.9628522, 1503880928.0757716, 1503880928.3319957, 1503880928.921649, 1503880929.3489752, 1503880929.6758144, 1503880930.2702918, 1503880930.7256563, 1503880932.4169066, 1503880933.1777112, 1503880934.1454017, 1503880934.612521, 1503880935.2721708, 1503880936.2577674, 1503880936.9605668, 1503880938.0054326, 1503880938.7307677, 1503880939.7776122, 1503880940.782553, 1503880941.4989057, 1503880942.4948368, 1503880943.220528, 1503880944.1460729, 1503880945.125941, 1503880945.8942971, 1503880946.8888068, 1503880947.539436, 1503880948.1531675, 1503880948.7525108, 1503880949.1825018, 1503880949.7774155, 1503880950.242922, 1503880950.8408625, 1503880951.6275501, 1503880952.074779, 1503880952.6768467, 1503880953.129238, 1503880953.7351313, 1503880954.0274212, 1503880955.0433412, 1503880955.1507201, 1503880955.455185, 1503880956.0532908, 1503880956.4921575, 1503880957.0743763, 1503880957.5104208, 1503880958.115635, 1503880958.715126, 1503880959.160889, 1503880959.7524784, 1503880960.1815915, 1503880960.7712488, 1503880961.8117204, 1503880962.7296777, 1503880963.325174, 1503880963.7678518, 1503880964.372205, 1503880964.9903946, 1503880965.426641, 1503880966.045746, 1503880966.4886506, 1503880967.1198404, 1503880967.719543, 1503880968.198218, 1503880968.8120196, 1503880969.2600605], "episode_rewards": [27.0, 18.0, 43.0, 39.0, 42.0, 64.0, 64.0, 71.0, 76.0, 200.0, 200.0, 102.0, 200.0, 165.0, 200.0, 200.0, 200.0, 200.0, 200.0, 200.0, 200.0, 200.0, 200.0, 200.0, 200.0, 200.0, 200.0, 200.0, 200.0, 200.0, 200.0, 200.0, 200.0, 200.0, 200.0, 200.0, 200.0, 200.0, 200.0, 200.0, 200.0, 200.0, 200.0, 200.0, 109.0, 96.0, 71.0, 98.0, 200.0, 200.0, 200.0, 200.0, 200.0, 200.0, 200.0, 200.0, 200.0, 200.0, 200.0, 200.0, 200.0, 200.0, 200.0, 200.0, 200.0, 200.0, 200.0, 200.0, 200.0, 200.0, 200.0, 200.0], "initial_reset_timestamp": 1503880926.7953682, "episode_types": ["t", "t", "t", "t", "t", "t", "t", "t", "t", "t", "t", "t", "t", "t", "t", "t", "t", "t", "t", "t", "t", "t", "t", "t", "t", "t", "t", "t", "t", "t", "t", "t", "t", "t", "t", "t", "t", "t", "t", "t", "t", "t", "t", "t", "t", "t", "t", "t", "t", "t", "t", "t", "t", "t", "t", "t", "t", "t", "t", "t", "t", "t", "t", "t", "t", "t", "t", "t", "t", "t", "t", "t", "t"], "episode_lengths": [27, 18, 43, 39, 42, 64, 64, 71, 76, 200, 200, 102, 200, 165, 200, 200, 200, 200, 200, 200, 200, 200, 200, 200, 200, 200, 200, 200, 200, 200, 200, 200, 200, 200, 200, 200, 200, 200, 200, 200, 200, 200, 200, 200, 109, 96, 71, 98, 200, 200, 200, 200, 200, 200, 200, 200, 200, 200, 200, 200, 200, 200, 200, 200, 200, 200, 200, 200, 200, 200, 200, 200]}