{"timestamps": [1503880926.962794, 1503880926.9774573, 1503880927.040131, 1503880927.2064357, 1503880927.2486851, 1503880927.5466805, 1503880927.6057546, 1503880927.6756966, 1503880928.0128193, 1503880928.3956442, 1503880928.9802287, 1503880929.265426, 1503880929.7358668, 1503880930.3309338, 1503880930.907496, 1503880932.466711, 1503880933.1099172, 1503880934.0921314, 1503880934.572228, 1503880935.2103639, 1503880935.9513955, 1503880936.8934934, 1503880937.926653, 1503880938.666578, 1503880939.711337, 1503880940.445944, 1503880941.4339786, 1503880942.4392033, 1503880943.1639495, 1503880944.085976, 1503880944.7845972, 1503880945.8172126, 1503880946.795908, 1503880947.4995828, 1503880948.1150937, 1503880948.559148, 1503880949.1416001, 1503880949.7364786, 1503880950.2003605, 1503880950.8014493, 1503880951.2408829, 1503880952.0358381, 1503880952.636278, 1503880953.081717, 1503880953.6855638, 1503880954.7523472, 1503880955.0922515, 1503880955.5496366, 1503880956.1419296, 1503880956.7228568, 1503880957.1638832, 1503880957.7537255, 1503880958.2047787, 1503880958.8057446, 1503880959.4065413, 1503880959.841119, 1503880960.4364915, 1503880960.967824, 1503880962.0122912, 1503880962.9694211, 1503880963.4279265, 1503880964.01843, 1503880964.4644554, 1503880965.0816734, 1503880965.683349, 1503880966.139602, 1503880966.7466023, 1503880967.210603, 1503880967.8355532, 1503880968.44633, 1503880968.903539], "episode_rewards": [35.0, 9.0, 25.0, 20.0, 26.0, 19.0, 40.0, 44.0, 112.0, 156.0, 200.0, 99.0, 200.0, 200.0, 181.0, 156.0, 161.0, 200.0, 200.0, 200.0, 200.0, 200.0, 200.0, 200.0, 200.0, 200.0, 200.0, 200.0, 200.0, 200.0, 200.0, 200.0, 200.0, 200.0, 200.0, 200.0, 200.0, 200.0, 200.0, 200.0, 200.0, 200.0, 200.0, 195.0, 200.0, 164.0, 107.0, 200.0, 200.0, 200.0, 200.0, 200.0, 200.0, 200.0, 200.0, 200.0, 200.0, 200.0, 200.0, 200.0, 200.0, 200.0, 200.0, 200.0, 200.0, 200.0, 200.0, 200.0, 200.0, 200.0, 200.0], "initial_reset_timestamp": 1503880926.7953537, "episode_types": ["t", "t", "t", "t", "t", "t", "t", "t", "t", "t", "t", "t", "t", "t", "t", "t", "t", "t", "t", "t", "t", "t", "t", "t", "t", "t", "t", "t", "t", "t", "t", "t", "t", "t", "t", "t", "t", "t", "t", "t", "t", "t", "t", "t", "t", "t", "t", "t", "t", "t", "t", "t", "t", "t", "t", "t", "t", "t", "t", "t", "t", "t", "t", "t", "t", "t", "t", "t", "t", "t", "t", "t"], "episode_lengths": [35, 9, 25, 20, 26, 19, 40, 44, 112, 156, 200, 99, 200, 200, 181, 156, 161, 200, 200, 200, 200, 200, 200, 200, 200, 200, 200, 200, 200, 200, 200, 200, 200, 200, 200, 200, 200, 200, 200, 200, 200, 200, 200, 195, 200, 164, 107, 200, 200, 200, 200, 200, 200, 200, 200, 200, 200, 200, 200, 200, 200, 200, 200, 200, 200, 200, 200, 200, 200, 200, 200]}