{"timestamps": [1503880926.961327, 1503880927.0199206, 1503880927.0543625, 1503880927.2345579, 1503880927.3121169, 1503880927.5774438, 1503880927.6092868, 1503880927.657615, 1503880927.6979313, 1503880927.948233, 1503880928.4000957, 1503880928.7236357, 1503880929.3050942, 1503880929.9394906, 1503880930.3017929, 1503880930.8841603, 1503880932.478751, 1503880933.2134812, 1503880934.1720526, 1503880934.6333768, 1503880935.303236, 1503880936.2976353, 1503880936.9981272, 1503880938.0377867, 1503880938.7641504, 1503880939.8108, 1503880940.8188043, 1503880941.5347323, 1503880942.5246933, 1503880943.2535222, 1503880944.1826732, 1503880945.1604338, 1503880945.9270918, 1503880946.9805243, 1503880947.5671618, 1503880948.1736863, 1503880948.7752616, 1503880949.2041187, 1503880949.7990775, 1503880950.2651145, 1503880950.8617344, 1503880951.6503448, 1503880952.095896, 1503880952.699845, 1503880953.1503372, 1503880953.756407, 1503880955.0283082, 1503880955.1785707, 1503880955.4819455, 1503880956.0814059, 1503880956.5190794, 1503880957.1000915, 1503880957.6882086, 1503880958.1422343, 1503880958.7427723, 1503880959.1878603, 1503880959.778718, 1503880960.3743463, 1503880960.8438976, 1503880961.9205534, 1503880962.7567875, 1503880963.3541834, 1503880963.9525275, 1503880964.4000292, 1503880965.0179822, 1503880965.4544706, 1503880966.0728624, 1503880966.675028, 1503880967.1475692, 1503880967.7583792, 1503880968.2259743, 1503880968.8390462], "episode_rewards": [34.0, 26.0, 17.0, 28.0, 18.0, 32.0, 21.0, 32.0, 25.0, 55.0, 200.0, 126.0, 200.0, 200.0, 154.0, 193.0, 164.0, 200.0, 200.0, 200.0, 200.0, 200.0, 200.0, 200.0, 200.0, 200.0, 200.0, 200.0, 200.0, 200.0, 200.0, 200.0, 200.0, 200.0, 200.0, 200.0, 200.0, 200.0, 200.0, 200.0, 200.0, 200.0, 200.0, 200.0, 200.0, 200.0, 181.0, 98.0, 99.0, 200.0, 200.0, 200.0, 200.0, 200.0, 200.0, 200.0, 200.0, 200.0, 200.0, 200.0, 200.0, 200.0, 200.0, 200.0, 200.0, 200.0, 200.0, 200.0, 200.0, 200.0, 200.0, 200.0], "initial_reset_timestamp": 1503880926.7963839, "episode_types": ["t", "t", "t", "t", "t", "t", "t", "t", "t", "t", "t", "t", "t", "t", "t", "t", "t", "t", "t", "t", "t", "t", "t", "t", "t", "t", "t", "t", "t", "t", "t", "t", "t", "t", "t", "t", "t", "t", "t", "t", "t", "t", "t", "t", "t", "t", "t", "t", "t", "t", "t", "t", "t", "t", "t", "t", "t", "t", "t", "t", "t", "t", "t", "t", "t", "t", "t", "t", "t", "t", "t", "t", "t"], "episode_lengths": [34, 26, 17, 28, 18, 32, 21, 32, 25, 55, 200, 126, 200, 200, 154, 193, 164, 200, 200, 200, 200, 200, 200, 200, 200, 200, 200, 200, 200, 200, 200, 200, 200, 200, 200, 200, 200, 200, 200, 200, 200, 200, 200, 200, 200, 200, 181, 98, 99, 200, 200, 200, 200, 200, 200, 200, 200, 200, 200, 200, 200, 200, 200, 200, 200, 200, 200, 200, 200, 200, 200, 200]}