{"timestamps": [1503880926.955347, 1503880926.9834507, 1503880927.0524423, 1503880927.20865, 1503880927.2837403, 1503880927.5512714, 1503880927.6091628, 1503880927.7253594, 1503880928.0036604, 1503880928.0612435, 1503880928.6043737, 1503880928.9597757, 1503880929.3903213, 1503880930.0235996, 1503880930.6701736, 1503880931.3104255, 1503880932.6617815, 1503880933.6216803, 1503880934.3016794, 1503880934.8760722, 1503880935.7300184, 1503880936.474897, 1503880937.465391, 1503880938.2106464, 1503880939.2287266, 1503880940.2513957, 1503880940.995667, 1503880941.9937565, 1503880942.738434, 1503880943.6315928, 1503880944.5903363, 1503880945.3310497, 1503880946.3669002, 1503880947.170989, 1503880947.8167195, 1503880948.4384336, 1503880948.880463, 1503880949.4682274, 1503880949.9049525, 1503880950.5265055, 1503880951.1119719, 1503880951.7587798, 1503880952.378328, 1503880952.8061473, 1503880953.407139, 1503880953.9949248, 1503880955.168687, 1503880955.4404962, 1503880955.701049, 1503880956.1528447, 1503880956.7344694, 1503880957.1747494, 1503880957.7648706, 1503880958.3819814, 1503880958.8162754, 1503880959.4169922, 1503880959.8517053, 1503880960.4468324, 1503880961.181195, 1503880961.9988267, 1503880962.9592545, 1503880963.4195101, 1503880964.0082262, 1503880964.4557521, 1503880965.0721874, 1503880965.674517, 1503880966.1302807, 1503880966.735837, 1503880967.2016058, 1503880967.8258011, 1503880968.4368577, 1503880968.8942592], "episode_rewards": [31.0, 16.0, 29.0, 14.0, 31.0, 16.0, 39.0, 74.0, 75.0, 33.0, 175.0, 138.0, 200.0, 200.0, 200.0, 133.0, 194.0, 200.0, 200.0, 200.0, 200.0, 200.0, 200.0, 200.0, 200.0, 200.0, 200.0, 200.0, 200.0, 200.0, 200.0, 200.0, 200.0, 200.0, 200.0, 200.0, 200.0, 200.0, 200.0, 200.0, 200.0, 200.0, 200.0, 200.0, 200.0, 200.0, 200.0, 77.0, 81.0, 200.0, 200.0, 200.0, 200.0, 200.0, 200.0, 200.0, 200.0, 200.0, 200.0, 187.0, 200.0, 200.0, 200.0, 200.0, 200.0, 200.0, 200.0, 200.0, 200.0, 200.0, 200.0, 200.0], "initial_reset_timestamp": 1503880926.797663, "episode_types": ["t", "t", "t", "t", "t", "t", "t", "t", "t", "t", "t", "t", "t", "t", "t", "t", "t", "t", "t", "t", "t", "t", "t", "t", "t", "t", "t", "t", "t", "t", "t", "t", "t", "t", "t", "t", "t", "t", "t", "t", "t", "t", "t", "t", "t", "t", "t", "t", "t", "t", "t", "t", "t", "t", "t", "t", "t", "t", "t", "t", "t", "t", "t", "t", "t", "t", "t", "t", "t", "t", "t", "t", "t"], "episode_lengths": [31, 16, 29, 14, 31, 16, 39, 74, 75, 33, 175, 138, 200, 200, 200, 133, 194, 200, 200, 200, 200, 200, 200, 200, 200, 200, 200, 200, 200, 200, 200, 200, 200, 200, 200, 200, 200, 200, 200, 200, 200, 200, 200, 200, 200, 200, 200, 77, 81, 200, 200, 200, 200, 200, 200, 200, 200, 200, 200, 187, 200, 200, 200, 200, 200, 200, 200, 200, 200, 200, 200, 200]}