{"timestamps": [1503880927.1944618, 1503880927.3120158, 1503880927.559373, 1503880927.5854437, 1503880927.6262236, 1503880927.8910468, 1503880927.9432983, 1503880928.305197, 1503880928.736241, 1503880929.3154013, 1503880929.9505348, 1503880930.3851976, 1503880930.9113955, 1503880932.445539, 1503880933.191204, 1503880934.1558282, 1503880934.6202843, 1503880935.2840424, 1503880936.2718532, 1503880936.9748464, 1503880938.016908, 1503880938.7426877, 1503880939.78942, 1503880940.7963793, 1503880941.5120568, 1503880942.505558, 1503880943.2328558, 1503880944.1586447, 1503880945.1375275, 1503880945.9076848, 1503880946.924266, 1503880947.5524755, 1503880948.160586, 1503880948.7604744, 1503880949.1908355, 1503880949.7863622, 1503880950.2515025, 1503880950.8487167, 1503880951.6355908, 1503880952.0825934, 1503880952.6847646, 1503880953.1369326, 1503880953.7428422, 1503880954.804136, 1503880955.397601, 1503880955.829193, 1503880956.4344594, 1503880956.8615832, 1503880957.448472, 1503880958.0564127, 1503880958.5112712, 1503880959.0935235, 1503880959.5446923, 1503880960.117831, 1503880960.7144735, 1503880961.3668332, 1503880962.5582032, 1503880963.107553, 1503880963.7094615, 1503880964.3114324, 1503880964.7636971, 1503880965.3680758, 1503880965.8207324, 1503880966.4262023, 1503880967.057576, 1503880967.5010476, 1503880968.1380317, 1503880968.592525, 1503880969.1999767], "episode_rewards": [81.0, 42.0, 19.0, 18.0, 28.0, 63.0, 34.0, 140.0, 198.0, 198.0, 200.0, 200.0, 146.0, 149.0, 200.0, 200.0, 200.0, 200.0, 200.0, 200.0, 200.0, 200.0, 200.0, 200.0, 200.0, 200.0, 200.0, 200.0, 200.0, 200.0, 200.0, 200.0, 200.0, 200.0, 200.0, 200.0, 200.0, 200.0, 200.0, 200.0, 200.0, 200.0, 200.0, 159.0, 170.0, 200.0, 200.0, 200.0, 200.0, 200.0, 200.0, 200.0, 200.0, 200.0, 200.0, 200.0, 200.0, 200.0, 200.0, 200.0, 200.0, 200.0, 200.0, 200.0, 200.0, 200.0, 200.0, 200.0, 200.0], "initial_reset_timestamp": 1503880926.7963085, "episode_types": ["t", "t", "t", "t", "t", "t", "t", "t", "t", "t", "t", "t", "t", "t", "t", "t", "t", "t", "t", "t", "t", "t", "t", "t", "t", "t", "t", "t", "t", "t", "t", "t", "t", "t", "t", "t", "t", "t", "t", "t", "t", "t", "t", "t", "t", "t", "t", "t", "t", "t", "t", "t", "t", "t", "t", "t", "t", "t", "t", "t", "t", "t", "t", "t", "t", "t", "t", "t", "t", "t"], "episode_lengths": [81, 42, 19, 18, 28, 63, 34, 140, 198, 198, 200, 200, 146, 149, 200, 200, 200, 200, 200, 200, 200, 200, 200, 200, 200, 200, 200, 200, 200, 200, 200, 200, 200, 200, 200, 200, 200, 200, 200, 200, 200, 200, 200, 159, 170, 200, 200, 200, 200, 200, 200, 200, 200, 200, 200, 200, 200, 200, 200, 200, 200, 200, 200, 200, 200, 200, 200, 200, 200]}