{"timestamps": [1503880926.947123, 1503880927.043465, 1503880927.2014596, 1503880927.2495303, 1503880927.3193178, 1503880927.581629, 1503880927.6388772, 1503880927.694561, 1503880928.0066123, 1503880928.0697436, 1503880928.614975, 1503880929.014386, 1503880929.5970626, 1503880930.084933, 1503880930.709491, 1503880931.6437373, 1503880932.710538, 1503880933.668507, 1503880934.4823296, 1503880934.9052722, 1503880935.7884629, 1503880936.522441, 1503880937.509904, 1503880938.5079894, 1503880939.2761226, 1503880940.299005, 1503880941.0477142, 1503880942.037328, 1503880943.0358195, 1503880943.6758394, 1503880944.6429558, 1503880945.3838756, 1503880946.4144626, 1503880947.3827467, 1503880947.845625, 1503880948.4684522, 1503880948.9106889, 1503880949.4976275, 1503880950.1052308, 1503880950.5566053, 1503880951.1441336, 1503880951.7877557, 1503880952.407554, 1503880952.9965012, 1503880953.4370954, 1503880954.0250633, 1503880954.836721, 1503880955.0328681, 1503880955.1953175, 1503880955.373874, 1503880955.4029825, 1503880955.8342202, 1503880956.4388998, 1503880956.8661072, 1503880957.4532804, 1503880958.0612712, 1503880958.5160842, 1503880959.098199, 1503880959.5498052, 1503880960.1229076, 1503880960.719102, 1503880961.3862596, 1503880962.579425, 1503880963.1120477, 1503880963.714227, 1503880964.31741, 1503880964.768806, 1503880965.3729863, 1503880965.8257086, 1503880966.4313679, 1503880967.0637891, 1503880967.5060627, 1503880968.1430483, 1503880968.597583, 1503880969.2049804], "episode_rewards": [27.0, 44.0, 15.0, 29.0, 10.0, 33.0, 38.0, 35.0, 96.0, 37.0, 176.0, 170.0, 200.0, 200.0, 190.0, 140.0, 179.0, 200.0, 200.0, 200.0, 200.0, 200.0, 200.0, 200.0, 200.0, 200.0, 200.0, 200.0, 200.0, 200.0, 200.0, 200.0, 200.0, 200.0, 200.0, 200.0, 200.0, 200.0, 200.0, 200.0, 200.0, 200.0, 200.0, 200.0, 200.0, 200.0, 79.0, 11.0, 107.0, 12.0, 20.0, 200.0, 200.0, 200.0, 200.0, 200.0, 200.0, 200.0, 200.0, 200.0, 200.0, 200.0, 200.0, 200.0, 200.0, 200.0, 200.0, 200.0, 200.0, 200.0, 200.0, 200.0, 200.0, 200.0, 200.0], "initial_reset_timestamp": 1503880926.8062963, "episode_types": ["t", "t", "t", "t", "t", "t", "t", "t", "t", "t", "t", "t", "t", "t", "t", "t", "t", "t", "t", "t", "t", "t", "t", "t", "t", "t", "t", "t", "t", "t", "t", "t", "t", "t", "t", "t", "t", "t", "t", "t", "t", "t", "t", "t", "t", "t", "t", "t", "t", "t", "t", "t", "t", "t", "t", "t", "t", "t", "t", "t", "t", "t", "t", "t", "t", "t", "t", "t", "t", "t", "t", "t", "t", "t", "t", "t"], "episode_lengths": [27, 44, 15, 29, 10, 33, 38, 35, 96, 37, 176, 170, 200, 200, 190, 140, 179, 200, 200, 200, 200, 200, 200, 200, 200, 200, 200, 200, 200, 200, 200, 200, 200, 200, 200, 200, 200, 200, 200, 200, 200, 200, 200, 200, 200, 200, 79, 11, 107, 12, 20, 200, 200, 200, 200, 200, 200, 200, 200, 200, 200, 200, 200, 200, 200, 200, 200, 200, 200, 200, 200, 200, 200, 200, 200]}